检索关键词,检索时间,标题,来源机构,报告/资料名,发布时间,URL,内容摘要,快照路径,层(layer),状态,观测批次,同源复用
2023 暑期 旅游人数,2026-08-28-R1,暑期国内旅游出游人次 = 18.39亿人次,中国旅游研究院,2023年暑期旅游市场监测报告,2023,https://www.mct.gov.cn/whzx/zsdw/zglyyjy/202309/t20230904_947007.html,中国旅游研究院《2023年暑期旅游市场监测报告》：暑期(6-8月)国内旅游人数达18.39亿人次,snapshots/中国旅游研究院_暑期国内旅游出游人次.html,L1,入库L1,R1,否
2023 暑期 旅游收入,2026-08-28-R1,暑期国内旅游收入 = 1.21万亿元,中国旅游研究院,2023年暑期旅游市场监测报告,2023,https://www.gov.cn/yaowen/liebiao/202309/content_6902336.htm,中国旅游研究院：暑期实现国内旅游收入1.21万亿元,snapshots/中国旅游研究院_暑期国内旅游收入.html,L1,入库L1,R1,否
2023 暑期 预测,2026-08-28-R1,暑期国内旅游人数(预测) = 18.54亿人次,中国旅游研究院,中国旅游研究院暑期旅游预测,2023,http://www.ce.cn/macro/more/202308/08/t20230808_38663499.shtml,中国旅游研究院预测：暑期6-8月国内旅游人数将达18.54亿人次，收入1.2万亿元,snapshots/中国旅游研究院_暑期国内旅游人数(预测).html,L1,入库L1,R1,否
2023 暑运 铁路,2026-08-28-R1,铁路暑运累计发送旅客 = 8.3亿人次,国铁集团,国铁集团2023年暑期数据,2023,https://www.gov.cn/lianbo/bumen/202309/content_6902563.htm,国铁集团：7月1日至8月31日全国铁路累计发送旅客8.3亿人次，创暑运历史新高,snapshots/国铁集团_铁路暑运累计发送旅客.html,L1,入库L1,R1,否
2023 暑运 铁路 预计,2026-08-28-R1,铁路暑运预计发送旅客 = 7.6亿人次,国铁集团,国铁集团2023年暑期数据,2023,https://www.gov.cn/yaowen/liebiao/202307/content_6889485.htm,国铁集团：暑期预计发送旅客7.6亿人次，日均1200万以上，较2019年有较大幅度增长,snapshots/国铁集团_铁路暑运预计发送旅客.html,L1,入库L1,R1,否
2023 暑运 民航,2026-08-28-R1,民航暑运运输旅客 = 1.3亿人次,中国民用航空局,中国民用航空局2023年暑期数据,2023,https://www.gov.cn/lianbo/bumen/202309/content_6902160.htm,民航局：2023年暑运期间民航运输旅客1.3亿人次，较2019年同期+7.4%,snapshots/中国民用航空局_民航暑运运输旅客.html,L1,入库L1,R1,否
2023 暑运 民航 测算,2026-08-28-R1,民航暑运运输旅客(航班管家测算) = 1.26亿人次,航班管家,2023年暑运民航数据总结,2023,https://www.iesdouyin.com/share/video/7274110259810078004,航班管家《2023年暑运民航数据总结》：暑运全民航运输旅客约1.26亿人次，比2019年+11%,snapshots/航班管家_民航暑运运输旅客(航班管家测算).html,L1,入库L1,R1,否
2023 暑运 广铁,2026-08-28-R1,广铁集团暑运发送旅客 = 11973万人次,广铁集团,广铁集团2023年暑期数据,2023,https://static.nfapp.southcn.com/content/202309/01/c8056882.html?enterColumnId=22511,广铁集团暑运发送旅客11973万人次，同比+68.4%，较2019年+11.8%，刷新纪录,snapshots/广铁集团_广铁集团暑运发送旅客.html,L1,入库L1,R1,否
2023 暑期 出入境,2026-08-28-R1,暑期出入境人员 = 8241.3万人次,国家移民管理局,国家移民管理局2023年暑期数据,2023,https://www.nia.gov.cn/n794014/n1050181/n1050498/c1596092/content.html,国家移民管理局：暑期边检查验出入境人员8241.3万人次，日均139.7万人次，环比+19.88%,snapshots/国家移民管理局_暑期出入境人员.html,L1,入库L1,R1,否
2023 暑期档 票房,2026-08-28-R1,暑期档电影票房 = 206.19亿元,国家电影局,国家电影局2023年暑期数据,2023,http://www.news.cn/comments/20230902/9cc76054844843d98563987b9ba1524d/c.html,国家电影局：2023年6月1日至8月31日暑期档票房206.19亿元，观影5.05亿人次，首次破200亿,snapshots/国家电影局_暑期档电影票房.html,L1,入库L1,R1,否
2023 暑期档 7月票房,2026-08-28-R1,7月电影票房 = 87亿元,国家电影局,今年暑期三大热观察,2023,https://www.peopleapp.com/column/30035430316-500000482266,7月国内电影市场总票房突破87亿元，刷新中国影史7月票房纪录,snapshots/国家电影局_7月电影票房.html,L1,入库L1,R1,否
2023 暑期 新疆,2026-08-28-R1,新疆8月接待游客 = 4013.12万人次,新疆维吾尔自治区文化和旅游厅,新疆维吾尔自治区文化和旅游厅2023年暑期数据,2023,http://xj.people.com.cn/BIG5/n2/2023/0923/c186332-40582202.html,新疆8月接待游客4013.12万人次，同比+400.1%，单月首破4000万；旅游收入489.5亿元,snapshots/新疆维吾尔自治区文化和旅_新疆8月接待游客.html,L1,入库L1,R1,否
2023 暑期 云南,2026-08-28-R1,云南45家重点A级景区游客量 = 1051.6万人次,云南省文化和旅游厅,云南省文化和旅游厅2023年暑期数据,2023,https://www.yn.gov.cn/yngk/lyyn/lydt/202307/t20230730_271647.html,云南纳入重点监测的45家A级景区今年截至7月26日接待游客1051.6万人次，比去年同期+142.9%,snapshots/云南省文化和旅游厅_云南45家重点A级景区游客量.html,L1,入库L1,R1,否
2023 云南 上半年,2026-08-28-R1,云南上半年接待游客 = 5.39亿人次,云南省文化和旅游厅,云南省文化和旅游厅2023年暑期数据,2023,https://dct.yn.gov.cn/html/2307/31_30642_1.shtml,云南1-6月接待游客5.39亿人次、旅游总收入6394.32亿元，同比+40%/+48.8%,snapshots/云南省文化和旅游厅_云南上半年接待游客.html,L1,入库L1,R1,否
2023 暑期 携程 研学,2026-08-28-R1,携程暑期研学游报名人次增速 = 2倍,携程,携程2023年暑期数据,2023,https://m.bjnews.com.cn/detail/1693546246169354.html,携程：暑期研学游报名人次较去年翻2倍，家庭亲子游机票订单较2019年同期+56%。平台自身口径,snapshots/携程_携程暑期研学游报名人次增速.html,L1,入库L1,R1,否
2023 暑期 飞猪 研学,2026-08-28-R1,飞猪研学游搜索量增速 = 230%,飞猪,飞猪2023暑期出游快报,2023,https://m.bjnews.com.cn/detail/1693546246169354.html,飞猪《2023暑期出游快报》：研学游搜索量同比+超2.3倍。平台自身口径,snapshots/飞猪_飞猪研学游搜索量增速.html,L1,入库L1,R1,否
2023 暑期 同程,2026-08-28-R1,同程暑期首周酒店预订服务人次较2019增速 = 155%,同程旅行,同程旅行2023年暑期数据,2023,http://news.china.com.cn/2023-07/12/content_91947063.shtml,同程：暑期第一周平台机票服务人次较2019年+32%，酒店预订服务人次+155%。平台自身口径,snapshots/同程旅行_同程暑期首周酒店预订服务人次较2.html,L1,入库L1,R1,否
2023 暑期 同程 研学,2026-08-28-R1,同程研学相关搜索热度增速 = 203%,同程旅行,同程旅行2023年暑期数据,2023,https://hct.henan.gov.cn/2023/07-14/2778638.html,同程：暑期7月以来平台研学相关旅游搜索热度环比+203%，亲子+162%。平台自身口径,snapshots/同程旅行_同程研学相关搜索热度增速.html,L1,入库L1,R1,否
2023 暑期 出境 航班,2026-08-28-R1,携程跨境航班恢复度 = 50%,携程,携程2023年暑期数据,2023,https://tech.cnr.cn/techph/20230825/t20230825_526395626.shtml,携程：截至8月23日暑期跨境航班量较2019年同期恢复接近五成。平台自身口径,snapshots/携程_携程跨境航班恢复度.html,L1,入库L1,R1,否
2023 暑期 酒店 STR,2026-08-28-R1,STR中国内地酒店RevPAR较2019恢复度 = 104%,STR,STR中国酒店数据,2023,https://www.163.com/dy/article/ICEIU0M70552NZ1I.html,STR：2023年7月前三周中国内地酒店RevPAR分别为2019年的104%、110.7%、113.5%,snapshots/STR_STR中国内地酒店RevPAR较.html,L1,入库L1,R1,否
2023 暑期 锦江 RevPAR,2026-08-28-R1,锦江境内酒店整体RevPAR恢复度 = 111.4%,锦江酒店(上交所披露),锦江国际2023年7、8月部分经营数据简报,2023,http://www.sse.com.cn/disclosure/listedinfo/announcement/c/new/2023-09-27/600754_20230927_OWZT.pdf,锦江酒店简报：2023年8月境内整体平均RevPAR为2019年同期111.40%,snapshots/锦江酒店(上交所披露)_锦江境内酒店整体RevPAR恢复.html,L1,入库L1,R1,否
2023 暑期 厦门 酒店,2026-08-28-R1,厦门酒店民宿入住率 = 90%,厦门市文旅局,厦门暑期文旅市场观察,2023,http://news.qq.com/rain/a/20230903A038VZ00,厦门暑期酒店民宿入住率达90%，全市高质量民宿住宿率约80%,snapshots/厦门市文旅局_厦门酒店民宿入住率.html,L1,入库L1,R1,否
2023 暑期 夜游,2026-08-28-R1,暑期夜游搜索量增速 = 80%,平台数据(引用),2023年暑期文旅消费观察,2023,https://www.gov.cn/yaowen/liebiao/202309/content_6902336.htm,平台数据：暑期以来夜游搜索量较去年同期+80%，餐饮堂食等生活服务晚7点迎全天消费最高峰,snapshots/平台数据(引用)_暑期夜游搜索量增速.html,L1,入库L1,R1,否
2023 暑期 亲子游,2026-08-28-R1,亲子游酒店预订量较2019增速 = 150%,平台数据(引用),2023年暑期文旅消费观察,2023,https://www.gov.cn/yaowen/liebiao/202309/content_6902336.htm,平台数据：7月亲子游相关酒店预订量较2019年同期增长150%,snapshots/平台数据(引用)_亲子游酒店预订量较2019增速.html,L1,入库L1,R1,否
2023 暑期 演出,2026-08-28-R1,暑期大型演出场次 = 300场,文化和旅游部,今年暑期三大热观察,2023,https://www.peopleapp.com/column/30035430316-500000482266,暑期大型演唱会、音乐节演出场次约300场，跨城观演成主要消费趋势,snapshots/文化和旅游部_暑期大型演出场次.html,L1,入库L1,R1,否
2023 暑期 研学,2026-08-28-R1,研学游成暑期顶流：研学游搜索量+超2.3倍，亲子游+研学双驱动,飞猪/携程,,,https://m.bjnews.com.cn/detail/1693546246169354.html,研学游'爆火'，携程研学游报名人次翻2倍，飞猪研学游搜索量+2.3倍，驴妈妈研学搜索预订热度+200%,snapshots/飞猪_携程_研学游成暑期顶流：研学游搜索量+.html,L2,入库L2,R1,否
2023 暑期 避暑,2026-08-28-R1,'清凉'避暑游走红：云南、新疆、贵州等避暑目的地游客大增，新疆8月接待首破4000万,新疆文旅厅/云南文旅厅,,,http://xj.people.com.cn/BIG5/n2/2023/0923/c186332-40582202.html,全国高温带动避暑游，新疆8月接待游客+400.1%，巴州+325.28%,snapshots/新疆文旅厅_云南文旅厅_'清凉'避暑游走红：云南、新疆、.html,L2,入库L2,R1,否
2023 暑期 演出经济,2026-08-28-R1,'为一场演唱会奔赴一座城'：暑期大型演出约300场，观演+旅游拉动文旅消费,人民日报,,,https://www.peopleapp.com/column/30035430316-500000482266,跨城观演成为大型演唱会、音乐节主要消费趋势，展示演艺经济强大消费动能,snapshots/人民日报_'为一场演唱会奔赴一座城'：暑期.html,L2,入库L2,R1,否
2023 暑期档 电影,2026-08-28-R1,2023暑期档票房206.19亿创历史纪录，观影5.05亿人次，首次突破200亿,国家电影局,,,http://www.news.cn/comments/20230902/9cc76054844843d98563987b9ba1524d/c.html,《消失的她》《孤注一掷》等影片拉动，暑期档票房创影史纪录,snapshots/国家电影局_2023暑期档票房206.19亿.html,L2,入库L2,R1,否
2023 暑期 citywalk,2026-08-28-R1,citywalk成为暑期旅游热词，与玩水、夜游、音乐节共同构成暑期热门关键词,同程旅行,,,https://hct.henan.gov.cn/2023/07-14/2778638.html,同程暑期旅游趋势报告：暑期热门关键词含玩水、夜游、亲子游、音乐节和citywalk,snapshots/同程旅行_citywalk成为暑期旅游热词.html,L2,入库L2,R1,否
2023 暑期 山东,2026-08-28-R1,山东重点监测300家景区接待游客 = 4800.6万人次,山东省文化和旅游厅,山东省文化和旅游厅2023年暑期数据,2023,http://www.shandong.gov.cn/art/2023/8/22/art_97564_605332.html,山东7月重点监测300家景区接待游客4800.6万人次，营收27.1亿元，同比+84.8%和67.7%,snapshots/山东省文化和旅游厅_山东重点监测300家景区接待游客.html,L1,入库L1,R1,否
2023 暑期 贵州,2026-08-28-R1,贵州暑期旅游订单量增速 = 225%,携程(贵州),携程2023年暑期数据,2023,http://gz.people.com.cn/BIG5/n2/2023/0712/c406599-40491399.html,携程：截至7月初贵州暑期整体订单量同比+225%，跨省游订单占比9成，亲子订单+346%。平台自身口径,snapshots/携程(贵州)_贵州暑期旅游订单量增速.html,L1,入库L1,R1,是-共2条
2023 暑期 贵阳 避暑,2026-08-28-R1,贵阳避暑度假产品订单量增速 = 15倍,携程(贵阳),携程2023年暑期数据,2023,https://www.gzszx.gov.cn/gzzxb/web/doc/detail/d_1560817688379424,携程：7月以来贵州省旅游订单量+65%，贵阳避暑度假产品订单量同比涨15倍。平台自身口径,snapshots/携程(贵阳)_贵阳避暑度假产品订单量增速.html,L1,入库L1,R1,否
2023 暑期 桂林 水路,2026-08-28-R1,桂林水上安全发送旅客 = 342.2万人次,桂林海事局,桂林暑期水上交通安全数据,2023,https://xinwen.bjd.com.cn/content/s64eeef10e4b00547e3de04e4.html,桂林7月以来(截至8/28)水上安全发送旅客342.2万人次，日均超5.8万，远超2019年同期,snapshots/桂林海事局_桂林水上安全发送旅客.html,L1,入库L1,R1,否
2023 暑期 银联 支付,2026-08-28-R1,银联跨行支付系统三季度业务量 = 837.93亿笔,中国人民银行(银联),2023年第三季度支付体系运行总体情况,2023,https://www.dahecube.com/article.html?artid=185059%3Frecid=470%3Fqtype=0,央行：2023年三季度银联跨行支付系统处理业务837.93亿笔、金额70.27万亿元，同比+21.37%/+8.70%,snapshots/中国人民银行(银联)_银联跨行支付系统三季度业务量.html,L1,入库L1,R1,否
2023 暑期 7月 社零,2026-08-28-R1,7月社会消费品零售总额 = 36761亿元,国家统计局,2023年7月国民经济数据,2023,https://www.stats.gov.cn/sj/xwfbh/fbhwd/202308/t20230815_1941957.html,国家统计局：2023年7月社零36761亿元(+2.5%),snapshots/国家统计局_7月社会消费品零售总额.html,L1,入库L1,R1,否
2023 暑期 8月 社零,2026-08-28-R1,8月社会消费品零售总额 = 37897亿元,国家统计局,2023年8月消费市场数据,2023,https://www.gov.cn/lianbo/fabu/202309/content_6905771.htm,国家统计局：2023年8月社零3.79万亿元(+4.6%),snapshots/国家统计局_8月社会消费品零售总额.html,L1,入库L1,R1,否
2023 暑期 档 观影,2026-08-28-R1,暑期档观影人次 = 5.05亿人次,国家电影局,2023年暑期档电影数据,2023,https://m.gmw.cn/2023-09/01/content_1303502087.htm,国家电影局：2023暑期档观影人次5.05亿,snapshots/国家电影局_暑期档观影人次.html,L1,入库L1,R1,否
2023 暑期 演出 场次,2026-08-28-R1,暑期全国演出场次 = 11.02万场,中国演出行业协会,2023暑期演出市场报告,2023,https://m.bjnews.com.cn/detail/1693886621168297.html,中国演出行业协会：2023暑期演出11.02万场(+301.53%),snapshots/中国演出行业协会_暑期全国演出场次.html,L1,入库L1,R1,否
2023 暑期 演出 票房,2026-08-28-R1,暑期全国演出票房收入 = 102.77亿元,中国演出行业协会,2023暑期演出市场报告,2023,https://news.cctv.com/2023/09/04/ARTINQ0UYnqqZWkotK6OHcTH230904.shtml,中国演出行业协会：2023暑期演出票房102.77亿元(+792.41%),snapshots/中国演出行业协会_暑期全国演出票房收入.html,L1,入库L1,R1,否
2023 暑期 铁路 暑运,2026-08-28-R1,铁路暑运7月1日-8月15日累计发送旅客 = 6.14亿人次,国铁集团,国铁2023暑运数据,2023,http://www.news.cn/fortune/2023-08/25/c_1129820701.htm,国铁集团：2023铁路暑运7.1-8.15发送旅客6.14亿人次,snapshots/国铁集团_铁路暑运7月1日-8月15日累计.html,L1,入库L1,R1,否
2023 暑期 迪士尼,2026-08-28-R1,上海迪士尼暑期日均入园人数 = 5.5万人,上海迪士尼度假区,浦东新区2023暑期文旅数据,2023,https://www.pudong.gov.cn/0060011/20230830/765767.html,上海迪士尼：2023暑期日均入园5.5万人。景区自身口径,未存-HTTPError,L1,入库L1-快照未存,R1,否
2023 暑期 演唱会 呼和浩特,2026-08-28-R1,周杰伦呼和浩特演唱会观众人数 = 18万人次,中国演出行业协会,2023暑期演出市场报告,2023,https://news.cctv.com/2023/09/04/ARTINQ0UYnqqZWkotK6OHcTH230904.shtml,中国演出行业协会：周杰伦呼和浩特演唱会观众18万人次,snapshots/中国演出行业协会_周杰伦呼和浩特演唱会观众人数.html,L1,入库L1,R1,否
2023 暑期 跨省 观演,2026-08-28-R1,呼和浩特演唱会跨省观演占比 = 70%,中国演出行业协会,2023暑期演出市场报告,2023,https://news.cctv.com/2023/09/04/ARTINQ0UYnqqZWkotK6OHcTH230904.shtml,中国演出行业协会：呼和浩特跨省观演占比超70%,snapshots/中国演出行业协会_呼和浩特演唱会跨省观演占比.html,L1,入库L1,R1,否
2023 暑期 长线游,2026-08-28-R1,暑期长线游出游人次占比 = 51%,途牛旅游网,途牛2023暑期报告,2023,https://static.nfapp.southcn.com/content/202308/31/c8051926.html?enterColumnId=7765,途牛：2023暑期长线游占比51%。平台自身口径,snapshots/途牛旅游网_暑期长线游出游人次占比.html,L1,入库L1,R1,否
2023 暑期 热门目的地,2026-08-28-R1,暑期国内热门目的地Top10城市 = 10个,携程,携程2023暑期报告,2023,https://cn.chinadaily.com.cn/a/202308/27/WS64eb2f5aa3109d7585e4afaa.html,携程：2023暑期国内热门目的地Top10,snapshots/携程_暑期国内热门目的地Top10城市.html,L1,入库L1,R1,否
2023 暑期 出境游 客源,2026-08-28-R1,暑期出境游客源地Top10城市 = 10个,携程,携程2023暑期报告,2023,https://cn.chinadaily.com.cn/a/202308/27/WS64eb2f5aa3109d7585e4afaa.html,携程：2023暑期出境游客源地Top10,snapshots/携程_暑期出境游客源地Top10城市.html,L1,入库L1,R1,否
2023 暑期 贵州,2026-08-28-R1,贵州暑期旅游订单量增速 = 225%,携程(贵州),携程2023暑期报告,2023,https://cn.chinadaily.com.cn/a/202308/27/WS64eb2f5aa3109d7585e4afaa.html,携程：2023暑期贵州旅游订单量+225%。平台自身口径,snapshots/携程(贵州)_贵州暑期旅游订单量增速.html,L1,入库L1,R1,是-共2条
2023 暑期 亲子 酒店,2026-08-28-R1,暑期酒店预订量较2019增速(亲子游) = 150%,平台数据(引用),2023暑期亲子游数据,2023,https://m.bjnews.com.cn/detail/1693886621168297.html,平台数据：2023暑期亲子游酒店预订量较2019+150%。平台自身口径,snapshots/平台数据(引用)_暑期酒店预订量较2019增速(亲.html,L1,入库L1,R1,否
2023 暑期 北京 门票,2026-08-28-R1,北京暑期景区门票提前预订量较上月增速 = 2.6倍,去哪儿旅行,去哪儿2023暑期数据,2023,https://m.bjnews.com.cn/detail/1688650728168043.html,去哪儿：2023暑期北京景区门票提前预订量较上月+2.6倍。平台自身口径,snapshots/去哪儿旅行_北京暑期景区门票提前预订量较上月.html,L1,入库L1,R1,否
2023 暑期 亲子 北京,2026-08-28-R1,北京暑期亲子客群出游人次占比 = 79%,去哪儿旅行,去哪儿2023暑期数据,2023,https://m.bjnews.com.cn/detail/1688650728168043.html,去哪儿：2023暑期北京亲子客群出游占比79%。平台自身口径,snapshots/去哪儿旅行_北京暑期亲子客群出游人次占比.html,L1,入库L1,R1,否
2023 暑期 上海 度假区,2026-08-28-R1,上海国际旅游度假区暑期接待游客 = 1300万人次,上海市文化和旅游局,上海市2023年暑期文旅数据,2023,https://www.mct.gov.cn/wlbphone/wlbydd/xxfb/qglb/sh/202308/t20230802_946359.html,上海市文旅局：2023暑期上海国际旅游度假区接待游客超1300万人次,snapshots/上海市文化和旅游局_上海国际旅游度假区暑期接待游客.html,L1,入库L1,R1,否
2023 暑期 上海 收入,2026-08-28-R1,上海国际旅游度假区暑期旅游收入 = 90亿元,上海市文化和旅游局,上海市2023年暑期文旅数据,2023,https://www.mct.gov.cn/wlbphone/wlbydd/xxfb/qglb/sh/202308/t20230802_946359.html,上海市文旅局：2023暑期上海国际旅游度假区旅游收入近90亿元,snapshots/上海市文化和旅游局_上海国际旅游度假区暑期旅游收入.html,L1,入库L1,R1,否
2023 暑期 北京 地铁,2026-08-28-R1,北京地铁暑期7.1-8.10客运量 = 3.28亿人次,北京地铁(证券时报转引),北京2023暑期城市交通数据,2023,https://www.stcn.com/article/detail/945965.html,北京地铁：2023暑期7.1-8.10客运量约3.28亿人次(+36.37%),snapshots/北京地铁(证券时报转引)_北京地铁暑期7.1-8.10客运.html,L1,入库L1,R1,否
2023 暑期 佘山,2026-08-28-R1,上海佘山国家旅游度假区暑期接待游客 = 665万人次,上海市文化和旅游局,上海市2023年暑期文旅数据,2023,https://www.mct.gov.cn/wlbphone/wlbydd/xxfb/qglb/sh/202308/t20230802_946359.html,上海市文旅局：2023暑期佘山度假区接待游客超665万人次,snapshots/上海市文化和旅游局_上海佘山国家旅游度假区暑期接待游.html,L1,入库L1,R1,否
2023暑期 江苏 银联 文旅消费,2026-08-31-R2,文旅消费总额(银联刷卡及扫码) = 927亿元,中国银联(江苏省文旅厅转引),江苏暑期文旅消费数据,2023-09-06,http://finance.people.com.cn/n1/2023/0907/c1004-40072278.html,"银联数据显示,江苏暑期文旅消费总额达927亿元,占全国文旅消费;全省共接待境内外游客1.8亿人次,实现旅游总收入2600亿元",snapshots/人民网_江苏暑期文旅消费总额全国第一.html,L1,入库L1,R2,是-共3条
2023暑期 携程 机票均价 派生,2026-08-31-R2,国内单程含税机票均价 = 1085元,携程,2023暑期报告,2023-08-27,https://cn.chinadaily.com.cn/a/202308/27/WS64eb2f5aa3109d7585e4afaa.html,"根据携程订单观测,暑期国内单程含税机票均价为1085元;暑期高铁游订单环比前两月增长达到51%",未存-网络不可达,L1,入库L1-快照未存,R2,否
2023暑期 江苏 接待游客 文旅厅,2026-08-31-R2,接待境内外游客人次 = 1.8亿人次,江苏省文化和旅游厅,2023暑假旅游市场数据,2023-09-06,http://finance.people.com.cn/n1/2023/0907/c1004-40072278.html,"7月1日至8月31日,全省共接待境内外游客1.8亿人次,实现旅游总收入2600亿元,按可比口径较2019年同期分别增长13.4%和5.3%",snapshots/人民网_江苏暑期文旅消费总额全国第一.html,L1,入库L1,R2,是-共3条
2023暑期 江苏 旅游收入 文旅厅,2026-08-31-R2,旅游总收入 = 2600亿元,江苏省文化和旅游厅,2023暑假旅游市场数据,2023-09-06,http://finance.people.com.cn/n1/2023/0907/c1004-40072278.html,"实现旅游总收入2600亿元,按可比口径较2019年同期增长5.3%",snapshots/人民网_江苏暑期文旅消费总额全国第一.html,L1,入库L1,R2,是-共3条
2023暑期 出入境 移民管理局,2026-08-31-R2,查验出入境人员数量 = 8241.3万人次,国家移民管理局,暑期出入境数据,2023-08-31,https://www.nia.gov.cn/n741440/n741567/c1596092/content.html,"全国边检机关共查验出入境人员8241.3万人次,日均139.7万人次,环比增长19.88%;内地居民4119万人次,外国公民506万人次",snapshots/国家移民管理局_暑期超8200万人次出入境.html,L1,入库L1,R2,否
2023暑期 酒店 锦江 RevPAR,2026-08-31-R2,酒店整体平均RevPAR恢复度(较2019) = 111.4%,锦江酒店,2023年7、8月部分经营数据简报,2023-09-27,https://file.finance.qq.com/finance/hs/pdf/2023/09/27/1217959591.PDF,"2023年8月中国境内整体平均RevPAR为2019年同期的111.40%;中端酒店为100.22%,经济型为102.44%",未存-PDF原文,L1,入库L1-快照未存,R2,否
2023暑期 餐饮收入 商务部 8月,2026-08-31-R2,全国餐饮收入 = 4212亿元,商务部/国家统计局,2023年8月消费市场情况,2023-09-23,https://www.gov.cn/lianbo/fabu/202309/content_6905771.htm,"8月份全国餐饮收入4212亿元,同比增长12.4%;暑期居民出游热度较高,带动餐饮、住宿、旅游、交通等服务消费较快增长",未存-网络不可达,L1,入库L1-快照未存,R2,否
2023暑期 电影票房 暑期档,2026-08-31-R2,暑期档电影票房收入 = 206亿元,国家电影局/商务部,2023暑期档电影数据,2023-09,https://www.gov.cn/lianbo/fabu/202309/content_6905771.htm,"暑期档电影票房收入超206亿元,同比增长约1.26倍,为历史同期最高记录",未存-网络不可达,L1,入库L1-快照未存,R2,否
2023暑期 惠州 接待游客 旅游收入,2026-08-31-R2,接待游客人次 = 1194万人次,惠州市文化广电旅游体育局,2023暑期惠州文旅数据,2023-09-07,http://www.gd.gov.cn/gdywdt/dsdt/content/mpost_4249923.html,"6-8月全市累计接待游客约1194万人次,同比增长40.54%;旅游总收入约116.4亿元,同比增长94.81%,均已超过2019年同期水平",未存-网络不可达,L1,入库L1-快照未存,R2,否
2023暑期 亲子游 均价 派生指标,2026-08-31-R2,亲子游产品平均价格 = 3426元,携程(引用),2023暑期亲子游数据,2023-08-23,http://www.ce.cn/culture/gd/202308/23/t20230823_38683900.shtml,"销量大于500单的亲子游产品平均价格在3426元,远超端午假期国内人均旅游支出;接近10%的产品价位在5000元以上",未存-网络不可达,L1,入库L1-快照未存,R2,否
2023暑期 民宿 入住率 恢复度,2026-08-31-R2,民宿行业入住率恢复度(较2019) = 87.23%,订单来了(莫干山民宿大会发布),2023民宿行业数据,2023-12-20,http://m.toutiao.com/group/7293361765789008447/,"2023年全国民宿行业入住率同比增长56%,达到2019年的87.23%;五一期间超过2019年同期达到反弹峰值,暑期开始增长放缓",未存-网络不可达,L1,入库L1-快照未存,R2,否
2023暑期 常州 银联 文旅消费,2026-08-31-R2,文旅消费总额(银联刷卡及扫码) = 58.56亿元,中国银联(常州市转引),2023暑期常州文旅消费数据,2023-09-08,http://finance.people.com.cn/n1/2023/0908/c1004-40073196.html,"根据中国银联刷卡及扫码消费数据,今年7-8月常州市文旅消费总额58.56亿元;纳入统计的38家旅游饭店实现...",未存-网络不可达,L1,入库L1-快照未存,R2,否
2023暑期 亲子游 民宿 途家,2026-08-31-R2,途家数据显示亲子游占暑期民宿预订六成以上;含亲子精选、儿童娱乐区标签的民宿预订量同比增长3倍;大理民宿含娃量超标,途家民宿,,,http://m.toutiao.com/group/7387695583756108339/,"亲子游仍是途家平台民宿预订的主力军,暑期预订占比超六成;含亲子精选、儿童娱乐区标签的民宿预订量同比去年增长3倍",未存-网络不可达,L2,入库L2-快照未存,R2,否
2023暑期 夜经济 City Walk 新消费,2026-08-31-R2,"暑期夜经济激发消费新活力;City Walk城市漫步流行;广东1-5月餐饮收入增长31.7%,文化体育和娱乐业增速35.3%",人民网/中国经济网,,,http://finance.people.com.cn/n1/2023/0821/c1004-40060802.html,"暑期文旅市场持续复苏,夜经济激发消费新活力;在暑期旅游出行带动下,交通、住宿、餐饮等服务零售额增长较快;City Walk城市漫步方式流行",未存-网络不可达,L2,入库L2-快照未存,R2,否
2023暑期 出入境 免签 浦东机场,2026-08-31-R2,"7月26日恢复对新加坡、文莱15天免签入境政策后,浦东机场口岸外籍入境旅客有序增加;8月前10天入境外籍旅客超5.3万人次",上海机场边检站/新华网,,,http://sh.xinhuanet.com/20230812/8feffb4634c44ca395c4a204afa0ca32/c.html,"自7月26日恢复对新加坡、文莱持普通护照来华15天免签入境政策后,浦东机场口岸以商务、探亲等为目的外籍入境旅客正有序增加;8月前10天口岸入境外籍旅客超5.3万人次",未存-网络不可达,L2,入库L2-快照未存,R2,否
2023暑期 暑运 铁路 民航 历史新高,2026-08-31-R2,"暑运期间全国铁路、民航旅客运输量分别达8.3亿和1.3亿人次,均创历史同期新高;7月全国餐饮收入同比增长15.8%",商务部/国家统计局,,,https://www.gov.cn/lianbo/fabu/202309/content_6905771.htm,"暑运期间全国铁路、民航旅客运输量分别达8.3和1.3亿人次,均创历史同期新高;7月份全国餐饮收入同比增长15.8%",未存-网络不可达,L2,入库L2-快照未存,R2,否
2023暑期 演出 场次 票房,R3,暑期全国演出场次 = 11万场,中国演出行业协会,2023暑期演出市场数据,2023-09-22,https://news.cctv.com/2023/09/22/ARTI0f6yMF1Lb54GhdDYMuxn230922.shtml,暑期全国演出市场的演出场次11万，同比增长301%；演出票房收入102亿元，同比增长792%；观演人数3256万人次，同比增长806%,snapshots/中国演出行业协会_暑期演出市场数据.html,L1,入库L1,R3,是-共2条
2023暑期 演出 票房,R3,暑期全国演出票房收入 = 102亿元,中国演出行业协会,2023暑期演出市场数据,2023-09-22,https://news.cctv.com/2023/09/22/ARTI0f6yMF1Lb54GhdDYMuxn230922.shtml,演出票房收入102亿元，同比增长792%；观演人数3256万人次，同比增长806%,snapshots/中国演出行业协会_暑期演出市场数据.html,L1,入库L1,R3,是-共2条
2023暑期 STR 酒店 入住率,R3,中国内地酒店入住率指数(较2019) = 98%,STR,2023年7月酒店经营数据,2023-09-24,https://m.hexun.com/stock/2023-09-24/210340407.html,根据STR数据，截止2023年7月，对比2019年同期，中国内地酒店Occ指数为98，离2019年同期仍然有2%的整体差距,snapshots/STR_2023年7月酒店经营数据.html,L1,入库L1,R3,否
2023暑期 北京 酒店 RevPAR,R3,北京中高端酒店RevPAR = 571.1元,STR/携程,2023年7月北京酒店数据,2023-08-03,https://view.inews.qq.com/a/20230803Q074TK00,北京中高端酒店RevPAR为571.1元（环比+8.8%），北京中低端酒店RevPAR为487.8元（环比+15.1%）,snapshots/STR_北京暑期酒店RevPAR.html,L1,入库L1,R3,否
2023暑期 同程 机票 酒店,R3,同程暑期第一周机票服务人次较2019增速 = 32%,同程旅行,2023暑期旅游首周数据,2023-07-12,http://news.china.com.cn/2023-07/12/content_91947063.shtml,暑期第一周，平台机票服务人次较2019年同期增长约32%；酒店预订服务人次较2019年同期增长155%；景点门票服务人次较2019年同期增长37%,snapshots/同程旅行_暑期首周数据.html,L1,入库L1,R3,否
2023暑期 携程 高铁游,R3,携程暑期高铁游订单环比增速 = 51%,携程,2023年暑期出游市场报告,2023-08-27,http://m.toutiao.com/group/7271878565980340771/,截至8月23日，暑期高铁游订单环比前两月增长达到51%，其中新一线城市用户高铁游订单量增长排名第一,snapshots/携程_暑期出游市场报告.html,L1,入库L1,R3,否
2023暑期 携程 亲子游,R3,携程亲子游机票订单较2019增速 = 56%,携程,2023年暑期出游市场报告,2023-09-17,http://www.ce.cn/culture/gd/202309/17/t20230917_38718270.shtml,暑期机票订单中，家庭是出游增长最快的群体，订单量较2019年同期增长超过五成，其中亲子游机票订单涨幅最高，较2019年同期增长56%,snapshots/携程_暑期亲子游数据.html,L1,入库L1,R3,否
2023暑期 飞猪 研学游,R3,飞猪研学游搜索量同比增速 = 230%,飞猪,2023暑期旅游数据,2023-09-17,http://www.ce.cn/culture/gd/202309/17/t20230917_38718270.shtml,研学旅行是暑期当红产品，在飞猪旅行网上，研学游搜索量比去年暑期增长超2.3倍,snapshots/飞猪_暑期研学游数据.html,L1,入库L1,R3,否
2023暑期 江西 接待游客,R3,江西暑期接待国内游客 = 17354.6万人次,江西省文化和旅游厅,2023暑期江西文旅市场数据,2023-09-08,http://www.mct.gov.cn/wlbphone/wlbydd/xxfb/qglb/jx/202309/t20230908_947117.html,7至8月，全省累计接待国内游客17354.60万人次，恢复至2019年同期的108.54%；实现国内旅游收入1976.24亿元，恢复至2019年同期的103.68%,snapshots/江西省文旅厅_暑期文旅数据.html,L1,入库L1,R3,是-共2条
2023暑期 江西 旅游收入,R3,江西暑期国内旅游收入 = 1976.24亿元,江西省文化和旅游厅,2023暑期江西文旅市场数据,2023-09-08,http://www.mct.gov.cn/wlbphone/wlbydd/xxfb/qglb/jx/202309/t20230908_947117.html,实现国内旅游收入1976.24亿元，恢复至2019年同期的103.68%；游客人均消费1138.74元,snapshots/江西省文旅厅_暑期文旅数据.html,L1,入库L1,R3,是-共2条
2023暑期 常州 文旅消费,R3,常州暑期文旅消费总额 = 58.56亿元,中国银联(常州市转引),2023暑期常州文旅消费数据,2023-09-08,http://finance.people.com.cn/n1/2023/0908/c1004-40073196.html,根据中国银联刷卡及扫码消费数据，今年7-8月，全市文旅消费总额58.56亿元,snapshots/常州市_暑期文旅消费数据.html,L1,入库L1,R3,否
2023暑期 支付宝 国际版 入境支付,R3,支付宝国际版日均活跃用户环比增速 = 54%,蚂蚁集团,2023暑期入境支付数据,2023-09-21,http://www.stcn.com/article/detail/986188.html,境外用户在国内使用支付宝国际版的热情不断攀升，9月前两周环比8月前两周的日均活跃用户上涨了54%,snapshots/蚂蚁集团_暑期入境支付数据.html,L1,入库L1,R3,是-共2条
2023暑期 Alipay+ 境外钱包 支付,R3,Alipay+境外钱包境内支付总笔数增速 = 4700%,蚂蚁集团,2023暑期入境支付数据,2023-09-21,http://www.stcn.com/article/detail/986188.html,2023年3月至8月期间，通过Alipay+接入的首批境外钱包Kakao Pay、Touch n Go eWallet和AlipayHK在境内支付总笔数增长了47倍,snapshots/蚂蚁集团_暑期入境支付数据.html,L1,入库L1,R3,是-共2条
2023暑期 酒店 客房均价,R3,暑期酒店客房均价同比增速 = 46.88%,中国旅游研究院,2023年暑期旅游市场监测报告,2023-09-04,https://www.mct.gov.cn/preview/whzx/zsdw/zglyyjy/202309/t20230904_947007.html,暑期全国（不含港澳台）进港机票均价同比上涨14.17%，酒店客房均价同比上涨46.88%，景区门票均价同比上涨4.63%,snapshots/中国旅游研究院_暑期旅游市场监测报告.html,L1,入库L1,R3,是-共3条
2023暑期 人均消费 派生指标,R3,暑期人均旅游消费 = 658元/人次,本技能测算,暑期人均消费推算,2026-08-31,https://www.mct.gov.cn/preview/whzx/zsdw/zglyyjy/202309/t20230904_947007.html,1.21万亿元÷18.39亿人次≈658元/人次,snapshots/中国旅游研究院_暑期旅游市场监测报告.html,L1,入库L1,R3,是-共3条
2023暑期 日均等效 出游人次,R3,暑期日均出游人次 = 1999万人次/天,本技能测算,暑期日均等效推算,2026-08-31,https://www.mct.gov.cn/preview/whzx/zsdw/zglyyjy/202309/t20230904_947007.html,18.39亿人次÷92天≈1999万人次/天,snapshots/中国旅游研究院_暑期旅游市场监测报告.html,L1,入库L1,R3,是-共3条
2023暑期 安徽 人均花费,R3,安徽暑期游客人均花费 = 1016元/人次,安徽省文化和旅游厅,2023暑期安徽旅游数据,2023-09-02,https://www.gov.cn/lianbo/difang/202309/content_6901669.htm,消费能力明显增强，亲子游、自驾游群体占比超过90%，人均旅游花费1016元，为2019年以来再次突破千元,snapshots/安徽省文旅厅_暑期旅游数据.html,L1,入库L1,R3,否
2023暑期 携程 研学 人均花费,R3,携程研学独立营人均花费 = 1431元,携程,2023年暑期报告,2023-08-28,http://cn.chinadaily.com.cn/a/202308/28/WS64ec3704a3109d7585e4b18c.html,今年暑期研学独立营人均花费是1431元，同比去年下降一成左右；亲子营人均花费为3453元，与去年持平,snapshots/携程_暑期研学营人均花费.html,L1,入库L1,R3,否
2023暑期 云南 旅游热度,R3,云南暑期旅游热度同比增速 = 42.8%,同程旅行,云南2023暑期旅游市场分析报告,2023-09-10,http://www.yn.xinhuanet.com/20230910/45a16ecb92b94bd48242c5d8e61d1f34/c.html,云南暑期游客满意度为95.8%，线上预订渠道客流量同比增长47.8%，旅游热度（平台订单数量、金额综合数据）同比增长42.8%,snapshots/同程旅行_云南暑期旅游市场报告.html,L1,入库L1,R3,否
2023暑期 携程 热门目的地,R3,携程发布暑期国内热门旅游目的地排行前十：北京、上海、成都、广州、杭州、西安、重庆、深圳、南京、长沙,携程,,,http://m.toutiao.com/group/7271878565980340771/,携程发布《2023年暑期出游市场报告》显示，暑期国内热门旅游目的地排行前十分别为：北京、上海、成都、广州、杭州、西安、重庆、深圳、南京、长沙,snapshots/携程_暑期热门目的地TOP10.html,L2,入库L2,R3,否
2023暑期 价格普涨 机票 酒店,R3,暑期旅游产品价格普涨：进港机票均价同比+14.17%，酒店客房均价+46.88%，景区门票均价+4.63%,中国旅游研究院,,,https://www.mct.gov.cn/preview/whzx/zsdw/zglyyjy/202309/t20230904_947007.html,暑期旅游产品价格普涨。暑期全国（不含港澳台）进港机票均价同比上涨14.17%，酒店客房均价同比上涨46.88%，景区门票均价同比上涨4.63%,snapshots/中国旅游研究院_暑期价格普涨.html,L2,入库L2,R3,否
2023暑期 避暑游 远程目的地,R3,客流分布向众多远程目的地全域扩散，东北、西南、华北及西藏、内蒙古、新疆部分地区游客流入量占比普遍超过疫情之前,中国旅游研究院,,,https://www.mct.gov.cn/preview/whzx/zsdw/zglyyjy/202309/t20230904_947007.html,今年暑期，东北地区、西南地区、华北地区，以及西藏、内蒙古和新疆部分地区游客流入量占比普遍超过疫情之前,snapshots/中国旅游研究院_暑期远程目的地.html,L2,入库L2,R3,否
2023暑期 亲子游 家庭出游,R3,亲子家庭是暑期旅游市场的主力军，家庭是出游增长最快的群体，暑期机票订单中家庭订单量较2019年同期增长超过五成,携程,,,http://www.ce.cn/culture/gd/202309/17/t20230917_38718270.shtml,亲子家庭是暑期旅游市场的主力军。携程旅行网数据显示，暑期机票订单中，家庭是出游增长最快的群体，订单量较2019年同期增长超过五成,snapshots/携程_暑期亲子游主力.html,L2,入库L2,R3,否
2023暑期 入境游 Alipay+ 支付,R3,入境游持续回暖，Alipay+境外钱包境内支付总笔数3-8月增长47倍，支付宝国际版日均活跃用户9月环比+54%,蚂蚁集团,,,http://www.stcn.com/article/detail/986188.html,境外用户在国内使用支付宝国际版的热情不断攀升，9月前两周环比8月前两周的日均活跃用户上涨了54%。2023年3月至8月期间，通过Alipay+接入的首批境外钱包在境内支付总笔数增长了47倍,snapshots/蚂蚁集团_暑期入境游支付.html,L2,入库L2,R3,否
2023暑期 消费券 文旅补贴,R3,文旅部门举办全国暑期文化和旅游消费促进活动3万场次，发放消费券等消费补贴超11亿元，中国银联和有关金融机构发放消费补贴超3.5亿元，带动消费超800亿元,文化和旅游部,,,https://news.cctv.com/2023/09/22/ARTI0f6yMF1Lb54GhdDYMuxn230922.shtml,文旅部门还在举办了全国暑期文化和旅游消费促进活动3万场次，发放消费券等消费补贴超11亿元，中国银联和有关金融机构发放消费补贴超3.5亿元，带动消费超800亿元,snapshots/文旅部_暑期消费券补贴.html,L2,入库L2,R3,否
2023暑期 演出市场 票房,R3,暑期演出市场爆发式增长：演出场次11万同比+301%，票房收入102亿元同比+792%，观演人数3256万人次同比+806%,中国演出行业协会,,,https://news.cctv.com/2023/09/22/ARTI0f6yMF1Lb54GhdDYMuxn230922.shtml,暑期全国演出市场的演出场次11万，同比增长301%；演出票房收入102亿元，同比增长792%；观演人数3256万人次，同比增长806%,snapshots/中国演出行业协会_暑期演出爆发.html,L2,入库L2,R3,否
2023暑期 酒店 涨价 RevPAR,R3,暑期酒店量价齐升，北京中高端酒店RevPAR达571.1元，经济型酒店价格在热门城市破千，酒店客房均价同比上涨46.88%,STR/携程,,,https://view.inews.qq.com/a/20230803Q074TK00,北京中高端酒店RevPAR为571.1元（环比+8.8%），北京中低端酒店RevPAR为487.8元（环比+15.1%）。暑期酒店客房均价同比上涨46.88%,snapshots/STR_暑期酒店涨价.html,L2,入库L2,R3,否
2023年暑期 广东 接待游客 旅游收入,R4,接待游客人次 = 4.47亿人次,广东省文化和旅游厅,2023年1-8月文旅市场数据,2023-09-15,http://www.cnr.cn/gd/gstjgd/20230915/t20230915_526420214.shtml,今年1-8月全省接待游客4.47亿人次、旅游总收入5756.9亿元，分别恢复至2019年的87.9%和91%；暑期全省接待游客数量和旅游总收入均超疫情前水平,snapshots/央广网_广东2023年1-8月文旅数据.html,L1,入库L1,R4,是-共2条
2023年暑期 广东 旅游收入,R4,旅游收入 = 5756.9亿元,广东省文化和旅游厅,2023年1-8月文旅市场数据,2023-09-15,http://www.cnr.cn/gd/gstjgd/20230915/t20230915_526420214.shtml,旅游总收入5756.9亿元，恢复至2019年的91%,snapshots/央广网_广东2023年1-8月文旅数据.html,L1,入库L1,R4,是-共2条
2023年暑期 四川 A级景区 接待游客,R4,A级景区接待游客人次 = 3.12亿人次,四川省文化和旅游厅,2023年上半年文旅市场数据,2023-07-28,http://www.mct.gov.cn/whzx/qgwhxxlb/sc/202307/t20230728_946256.htm,今年上半年四川全省A级旅游景区共接待游客3.12亿人次，景区实现总收入617.20亿元，较2019年同期分别增长13.36%、54.86%,snapshots/文旅部_四川2023上半年A级景区数据.html,L1,入库L1,R4,是-共2条
2023年暑期 四川 景区 收入,R4,景区总收入 = 617.2亿元,四川省文化和旅游厅,2023年上半年文旅市场数据,2023-07-28,http://www.mct.gov.cn/whzx/qgwhxxlb/sc/202307/t20230728_946256.htm,景区实现总收入617.20亿元，较2019年同期增长54.86%,snapshots/文旅部_四川2023上半年A级景区数据.html,L1,入库L1,R4,是-共2条
2023年暑期 海南 接待游客 旅游收入,R4,接待游客人次 = 4606.6万人次,海南省旅游和文化广电体育厅,2023年上半年文旅市场数据,2023-07-20,https://www.hainan.gov.cn/hainan/jdsj/202307/9be4d08f37014d54a63135b0aa3d9e32.shtml,上半年全省接待游客4606.6万人次，同比增长32.8%；实现旅游总收入916.1亿元，同比增长42.4%,snapshots/海南省政府_海南2023上半年文旅数据.html,L1,入库L1,R4,是-共2条
2023年暑期 海南 旅游收入,R4,旅游收入 = 916.1亿元,海南省旅游和文化广电体育厅,2023年上半年文旅市场数据,2023-07-20,https://www.hainan.gov.cn/hainan/jdsj/202307/9be4d08f37014d54a63135b0aa3d9e32.shtml,实现旅游总收入916.1亿元，同比增长42.4%,snapshots/海南省政府_海南2023上半年文旅数据.html,L1,入库L1,R4,是-共2条
2023年暑期 杭州 接待游客 旅游收入,R4,接待游客人次 = 5353.3万人次,杭州市文化广电旅游局,2023年上半年文旅市场数据,2023-08-13,https://news.cctv.com/2023/08/13/ARTIpqzTx2nDkqxJCDNLzlDc230813.shtml,今年1-6月杭州市共接待游客5353.3万人次、旅游收入915亿元，分别较去年同期增长64.5%和65.3%,snapshots/央视网_杭州2023上半年文旅数据.html,L1,入库L1,R4,是-共2条
2023年暑期 杭州 旅游收入,R4,旅游收入 = 915亿元,杭州市文化广电旅游局,2023年上半年文旅市场数据,2023-08-13,https://news.cctv.com/2023/08/13/ARTIpqzTx2nDkqxJCDNLzlDc230813.shtml,旅游收入915亿元，较去年同期增长65.3%,snapshots/央视网_杭州2023上半年文旅数据.html,L1,入库L1,R4,是-共2条
2023年暑期 三亚 过夜游客 旅游花费,R4,过夜游客接待人次 = 206.06万人次,三亚市旅游发展局,2023年7月旅游市场数据,2024-08-19,http://news.qq.com/rain/a/20240819A02MPV00,2023年7月三亚接待过夜游客206.06万人次，过夜游客总花费71.03亿元,snapshots/腾讯新闻_三亚2023年7月旅游数据.html,L1,入库L1,R4,是-共2条
2023年暑期 三亚 旅游花费,R4,过夜游客总花费 = 71.03亿元,三亚市旅游发展局,2023年7月旅游市场数据,2024-08-19,http://news.qq.com/rain/a/20240819A02MPV00,过夜游客总花费71.03亿元,snapshots/腾讯新闻_三亚2023年7月旅游数据.html,L1,入库L1,R4,是-共2条
2023年暑期 山东 景区 接待游客,R4,重点监测景区接待游客人次 = 4800.6万人次,山东省文化和旅游厅,2023年7月重点监测景区数据,2023-08-22,http://www.shandong.gov.cn/art/2023/8/22/art_97904_605261.html,7月份全省重点监测的300家景区共接待游客4800.6万人次，实现营业收入27.1亿元，同比分别增长84.8%和67.7%,snapshots/山东省政府_山东2023年7月景区数据.html,L1,入库L1,R4,是-共2条
2023年暑期 山东 景区 收入,R4,重点监测景区营业收入 = 27.1亿元,山东省文化和旅游厅,2023年7月重点监测景区数据,2023-08-22,http://www.shandong.gov.cn/art/2023/8/22/art_97904_605261.html,实现营业收入27.1亿元，同比增长67.7%,snapshots/山东省政府_山东2023年7月景区数据.html,L1,入库L1,R4,是-共2条
2023年暑期 西安 接待游客 旅游收入,R4,接待游客人次 = 2.78亿人次,西安市文化和旅游局,2023年文旅市场数据,2024-04-17,http://m.toutiao.com/group/7359010809789563444/,2023年西安全市接待游客2.78亿人次、旅游业总收入3350亿元，再创历史新高,snapshots/今日头条_西安2023年文旅数据.html,L1,入库L1,R4,否
2023年暑期 青岛 接待游客 文旅,R4,接待游客人次 = 1.3亿人次,青岛市文化和旅游局,2023年文旅市场数据,2024-08-02,http://www.weishan.gov.cn/art/2024/8/2/art_72382_2751397.html,2023年青岛全市累计接待游客达到1.3亿人次，创历史新高；文旅产业增加值1698亿元，占GDP比重达到10.8%,snapshots/微山县政府_青岛2023年文旅数据.html,L1,入库L1,R4,否
2023年暑期 暑运 杭州机场 旅客吞吐量,R4,机场旅客吞吐量 = 793万人次,杭州萧山国际机场,2023年暑运机场数据,2023-09-06,http://www.tibet.cn/cn/instant/local/202309/t20230906_7480809.html,2023年暑运杭州机场62天内运送旅客793万人次，起降航班5.5万架次，同比2019年同期分别增加11.7%、10.2%，三项数据均创历史同期新高,snapshots/中国西藏网_杭州2023暑运机场数据.html,L1,入库L1,R4,否
2023年暑期 三亚 机场 暑运,R4,机场旅客吞吐量 = 371.62万人次,三亚凤凰国际机场,2023年暑运机场数据,2023-09-08,https://www.sanyarb.com.cn/sanyazonghe/2023/09/08/detail_20230908387399.html,暑运期间三亚凤凰国际机场运送旅客371.62万人次,snapshots/三亚新闻网_三亚2023暑期文旅市场盘点.html,L1,入库L1,R4,是-共2条
2023年暑期 避暑游 青岛 威海 同程,R4,2023年暑期高温推高避暑游热度，青岛、威海等北方沿海城市成为暑期旅游目的地顶流，同程旅行数据显示北京、青岛、西安、成都、重庆、威海、上海、厦门、长沙、广州关注度较高,同程旅行,,,http://news.china.com.cn/2023-07/12/content_91947063.shtml,同程旅行数据显示截至7月7日，北京、青岛、西安、成都、重庆、威海、上海、厦门、长沙、广州关注度较高；青岛、威海超过淄博成为山东最热门旅游城市,snapshots/中国网_2023暑期旅游首周数据.html,L2,入库L2,R4,否
2023年暑期 三亚 携程 订单 亲子游,R4,携程《2023年暑期出游市场报告》显示目的地为三亚的暑期订单量同比增长65%，三亚入选暑期度假人群青睐热门目的地，亲子游霸踞暑期档,携程,,,https://www.sanyarb.com.cn/sanyazonghe/2023/09/08/detail_20230908387399.html,据携程发布的《2023年暑期出游市场报告》，目的地为三亚的暑期订单量同比增长65%，三亚入选暑期度假人群青睐热门目的地,snapshots/三亚新闻网_三亚2023暑期文旅市场盘点.html,L2,入库L2,R4,是-共2条
2023年暑期 海南 年轻游客 亲子游 同程,R4,同程旅行《2023海南暑期旅游消费趋势报告》显示年轻游客占比近三成，亲子客群回归，海南主要旅游景区日客流量峰值出现在8月上旬，蜈支洲岛、西岛、南山寺、亚特兰蒂斯等景区客流量较大,同程旅行,,,https://m.thepaper.cn/newsDetail_forward_23979952,《2023海南暑期旅游消费趋势报告》显示年轻游客占比近三成，亲子客群回归；暑期海南主要旅游景区日客流量峰值将出现在8月上旬,snapshots/澎湃新闻_海南2023暑期旅游消费趋势报告.html,L2,入库L2,R4,否
